tick,coins left,player input,player coins,e1 coins,e2 coins,e3 coins,player pos,e1 pos,e2 pos,e3 pos,
1,20,,0,0,0,0,(360, 225),0,0,0,0,(1079.7151747421813, 227.23189931952777),(358.9880852226597, 672.9903909625501),(1077.7710962103288, 675.3073888358241),
2,20,,0,0,0,0,(360, 225),0,0,0,0,(1079.4303494843625, 229.46379863905554),(357.97617044531944, 670.9807819251002),(1075.5421924206576, 675.6147776716482),
3,20,,0,0,0,0,(360, 225),0,0,0,0,(1079.1455242265438, 231.6956979585833),(356.96425566797916, 668.9711728876504),(1073.3132886309863, 675.9221665074723),
4,20,,0,0,0,0,(360, 225),0,0,0,0,(1078.860698968725, 233.92759727811108),(355.9523408906389, 666.9615638502005),(1071.084384841315, 676.2295553432964),
5,20,,0,0,0,0,(360, 225),0,0,0,0,(1078.5758737109063, 236.15949659763885),(354.9404261132986, 664.9519548127506),(1068.855481051644, 676.5369441791205),
6,20,,0,0,0,0,(360, 225),0,0,0,0,(1078.2910484530876, 238.39139591716662),(353.9285113359583, 662.9423457753007),(1066.6265772619727, 676.8443330149446),
7,20,,0,0,0,0,(360, 225),0,0,0,0,(1078.0062231952688, 240.6232952366944),(352.91659655861804, 660.9327367378509),(1064.3976734723014, 677.1517218507687),
8,20,,0,0,0,0,(360, 225),0,0,0,0,(1077.72139793745, 242.85519455622216),(351.90468178127776, 658.923127700401),(1062.1687696826302, 677.4591106865929),
9,20,,0,0,0,0,(360, 225),0,0,0,0,(1077.4365726796314, 245.08709387574993),(350.8927670039375, 656.9135186629511),(1059.939865892959, 677.766499522417),
10,19,,0,0,0,1,(360, 225),0,0,0,1,(1077.1517474218126, 247.3189931952777),(349.8808522265972, 654.9039096255012),(1057.6932736844801, 677.6427116037752),
11,19,,0,0,0,1,(360, 225),0,0,0,1,(1076.8669221639939, 249.55089251480547),(348.8689374492569, 652.8943005880514),(1055.4466814760012, 677.5189236851334),
12,19,,0,0,0,1,(360, 225),0,0,0,1,(1076.5820969061751, 251.78279183433324),(348.8689374492569, 652.8943005880514),(1053.2000892675223, 677.3951357664915),
13,19,,0,0,0,1,(360, 225),0,0,0,1,(1076.2972716483564, 254.014691153861),(348.8689374492569, 652.8943005880514),(1050.9534970590435, 677.2713478478497),
14,19,,0,0,0,1,(360, 225),0,0,0,1,(1076.0124463905377, 256.2465904733888),(348.8689374492569, 652.8943005880514),(1048.7069048505646, 677.1475599292079),
15,19,,0,0,0,1,(360, 225),0,0,0,1,(1075.727621132719, 258.47848979291655),(348.8689374492569, 652.8943005880514),(1046.4603126420857, 677.0237720105661),
16,19,sa,0,0,0,1,(357, 228),0,0,0,1,(1075.4427958749002, 260.7103891124443),(348.8689374492569, 652.8943005880514),(1044.2137204336068, 676.8999840919242),
17,19,sa,0,0,0,1,(354, 231),0,0,0,1,(1075.1579706170814, 262.9422884319721),(348.8689374492569, 652.8943005880514),(1041.967128225128, 676.7761961732824),
18,19,sa,0,0,0,1,(351, 234),0,0,0,1,(1074.8731453592627, 265.17418775149986),(348.8689374492569, 652.8943005880514),(1039.720536016649, 676.6524082546406),
19,19,sa,0,0,0,1,(348, 237),0,0,0,1,(1074.588320101444, 267.4060870710276),(348.8689374492569, 652.8943005880514),(1037.4739438081701, 676.5286203359988),
20,19,sa,0,0,0,1,(345, 240),0,0,0,1,(1074.3034948436252, 269.6379863905554),(348.8689374492569, 652.8943005880514),(1035.2273515996912, 676.4048324173569),
21,19,sa,0,0,0,1,(342, 243),0,0,0,1,(1074.0186695858065, 271.86988571008317),(348.8689374492569, 652.8943005880514),(1032.9807593912124, 676.2810444987151),
22,19,sa,0,0,0,1,(339, 246),0,0,0,1,(1073.7338443279878, 274.10178502961094),(348.8689374492569, 652.8943005880514),(1030.7341671827335, 676.1572565800733),
23,19,sa,0,0,0,1,(336, 249),0,0,0,1,(1073.449019070169, 276.3336843491387),(348.8689374492569, 652.8943005880514),(1028.4875749742546, 676.0334686614315),
24,19,sa,0,0,0,1,(333, 252),0,0,0,1,(1073.1641938123503, 278.5655836686665),(347.85702267191664, 650.8846915506015),(1026.2409827657757, 675.9096807427896),
25,19,sa,0,0,0,1,(330, 255),0,0,0,1,(1072.8793685545315, 280.79748298819425),(346.84510789457636, 648.8750825131516),(1023.9943905572967, 675.7858928241478),
26,19,sa,0,0,0,1,(327, 258),0,0,0,1,(1072.5945432967128, 283.029382307722),(345.8331931172361, 646.8654734757017),(1021.7477983488177, 675.662104905506),
27,19,sa,0,0,0,1,(324, 261),0,0,0,1,(1072.309718038894, 285.2612816272498),(344.8212783398958, 644.8558644382518),(1019.5012061403387, 675.5383169868642),
28,19,sa,0,0,0,1,(321, 264),0,0,0,1,(1072.0248927810753, 287.49318094677756),(343.8093635625555, 642.846255400802),(1017.2546139318597, 675.4145290682224),
29,19,sa,0,0,0,1,(318, 267),0,0,0,1,(1071.7400675232566, 289.7250802663053),(342.79744878521524, 640.8366463633521),(1015.0080217233807, 675.2907411495805),
30,19,sa,0,0,0,1,(315, 270),0,0,0,1,(1071.4552422654378, 291.9569795858331),(341.78553400787496, 638.8270373259022),(1012.7614295149017, 675.1669532309387),
31,18,sa,1,0,0,1,(312, 273),1,0,0,1,(1071.170417007619, 294.18887890536087),(340.7736192305347, 636.8174282884523),(1010.5148373064227, 675.0431653122969),
32,18,sa,1,0,0,1,(309, 276),1,0,0,1,(1070.8855917498004, 296.42077822488864),(339.7617044531944, 634.8078192510025),(1008.2682450979437, 674.919377393655),
33,18,sa,1,0,0,1,(306, 279),1,0,0,1,(1070.6007664919816, 298.6526775444164),(338.7497896758541, 632.7982102135526),(1006.0216528894647, 674.7955894750132),
34,18,sa,1,0,0,1,(303, 282),1,0,0,1,(1070.315941234163, 300.8845768639442),(337.73787489851384, 630.7886011761027),(1003.7750606809857, 674.6718015563714),
35,18,sa,1,0,0,1,(300, 285),1,0,0,1,(1070.0311159763442, 303.11647618347195),(336.72596012117356, 628.7789921386528),(1001.5284684725067, 674.5480136377295),
36,18,sa,1,0,0,1,(297, 288),1,0,0,1,(1069.7462907185254, 305.3483755029997),(335.7140453438333, 626.769383101203),(999.2818762640277, 674.4242257190876),
37,18,s,1,0,0,1,(297, 291),1,0,0,1,(1069.4614654607067, 307.5802748225275),(334.702130566493, 624.7597740637531),(997.0352840555487, 674.3004378004457),
38,18,s,1,0,0,1,(297, 294),1,0,0,1,(1069.176640202888, 309.81217414205526),(333.6902157891527, 622.7501650263032),(994.7886918470697, 674.1766498818039),
39,18,s,1,0,0,1,(297, 297),1,0,0,1,(1068.8918149450692, 312.044073461583),(332.67830101181244, 620.7405559888533),(992.5420996385907, 674.052861963162),
40,17,s,1,1,0,1,(297, 300),1,1,0,1,(1068.9622954524364, 314.29296930134115),(331.66638623447216, 618.7309469514034),(990.2955074301117, 673.9290740445201),
41,17,s,1,1,0,1,(297, 303),1,1,0,1,(1069.0327759598035, 316.54186514109927),(330.6544714571319, 616.7213379139536),(988.0489152216327, 673.8052861258782),
42,17,sd,1,1,0,1,(300, 306),1,1,0,1,(1069.1032564671707, 318.7907609808574),(329.6425566797916, 614.7117288765037),(985.8023230131537, 673.6814982072364),
43,17,sd,1,1,0,1,(303, 309),1,1,0,1,(1069.1737369745379, 321.0396568206155),(328.6306419024513, 612.7021198390538),(983.5557308046747, 673.5577102885944),
44,17,sd,1,1,0,1,(306, 312),1,1,0,1,(1069.244217481905, 323.2885526603736),(327.61872712511104, 610.6925108016039),(981.3091385961957, 673.4339223699526),
45,17,sd,1,1,0,1,(309, 315),1,1,0,1,(1069.3146979892722, 325.53744850013175),(326.60681234777076, 608.682901764154),(979.0625463877167, 673.3101344513107),
46,16,sd,1,1,0,2,(312, 318),1,1,0,2,(1069.3851784966394, 327.78634433988987),(325.5948975704305, 606.6732927267042),(979.1102515832432, 671.0606402383108),
47,16,sd,1,1,0,2,(315, 321),1,1,0,2,(1069.4556590040065, 330.035240179648),(324.5829827930902, 604.6636836892543),(979.1579567787697, 668.811146025311),
48,16,sd,1,1,0,2,(318, 324),1,1,0,2,(1069.5261395113737, 332.2841360194061),(323.5710680157499, 602.6540746518044),(979.2056619742963, 666.5616518123112),
49,16,sd,1,1,0,2,(321, 327),1,1,0,2,(1069.5966200187409, 334.5330318591642),(322.55915323840964, 600.6444656143545),(979.2533671698228, 664.3121575993114),
50,16,sd,1,1,0,2,(324, 330),1,1,0,2,(1069.667100526108, 336.78192769892235),(321.54723846106936, 598.6348565769047),(979.3010723653493, 662.0626633863116),
51,16,sd,1,1,0,2,(327, 333),1,1,0,2,(1069.7375810334752, 339.03082353868047),(320.5353236837291, 596.6252475394548),(979.3487775608759, 659.8131691733117),
52,16,sd,1,1,0,2,(330, 336),1,1,0,2,(1069.8080615408423, 341.2797193784386),(319.5234089063888, 594.6156385020049),(979.3964827564024, 657.5636749603119),
53,16,sd,1,1,0,2,(333, 339),1,1,0,2,(1069.8785420482095, 343.5286152181967),(318.51149412904846, 592.606029464555),(979.4441879519289, 655.3141807473121),
54,16,sd,1,1,0,2,(336, 342),1,1,0,2,(1069.9490225555767, 345.7775110579548),(317.4995793517082, 590.5964204271052),(979.4918931474555, 653.0646865343123),
55,16,sd,1,1,0,2,(339, 345),1,1,0,2,(1070.0195030629438, 348.02640689771295),(316.4876645743679, 588.5868113896553),(979.539598342982, 650.8151923213125),
56,16,sd,1,1,0,2,(342, 348),1,1,0,2,(1070.089983570311, 350.27530273747107),(315.4757497970276, 586.5772023522054),(979.5873035385085, 648.5656981083126),
57,16,sd,1,1,0,2,(345, 351),1,1,0,2,(1070.1604640776782, 352.5241985772292),(314.4638350196873, 584.5675933147555),(979.6350087340351, 646.3162038953128),
58,16,sd,1,1,0,2,(348, 354),1,1,0,2,(1070.2309445850453, 354.7730944169873),(313.451920242347, 582.5579842773056),(979.6827139295616, 644.066709682313),
59,16,sd,1,1,0,2,(351, 357),1,1,0,2,(1070.3014250924125, 357.0219902567454),(312.4400054650067, 580.5483752398558),(979.7304191250881, 641.8172154693132),
60,16,sd,1,1,0,2,(354, 360),1,1,0,2,(1070.3719055997797, 359.27088609650355),(311.4280906876664, 578.5387662024059),(979.7781243206147, 639.5677212563133),
61,16,sd,1,1,0,2,(357, 363),1,1,0,2,(1070.4423861071468, 361.51978193626167),(310.4161759103261, 576.529157164956),(979.8258295161412, 637.3182270433135),
62,16,sd,1,1,0,2,(360, 366),1,1,0,2,(1070.5128666145142, 363.7686777760198),(309.4042611329858, 574.5195481275061),(979.8735347116677, 635.0687328303137),
63,16,sd,1,1,0,2,(363, 369),1,1,0,2,(1070.5833471218814, 366.0175736157779),(308.3923463556455, 572.5099390900563),(979.9212399071943, 632.8192386173139),
64,16,sd,1,1,0,2,(366, 372),1,1,0,2,(1070.6538276292488, 368.266469455536),(307.3804315783052, 570.5003300526064),(979.9689451027208, 630.5697444043141),
65,16,sd,1,1,0,2,(369, 375),1,1,0,2,(1070.724308136616, 370.51536529529415),(306.3685168009649, 568.4907210151565),(980.0166502982473, 628.3202501913142),
66,16,sd,1,1,0,2,(372, 378),1,1,0,2,(1070.7947886439833, 372.76426113505227),(305.35660202362465, 566.4811119777066),(980.0643554937739, 626.0707559783144),
67,16,sd,1,1,0,2,(375, 381),1,1,0,2,(1070.8652691513505, 375.0131569748104),(304.3446872462843, 564.4715029402568),(980.1120606893004, 623.8212617653146),
68,15,sd,1,1,1,2,(378, 384),1,1,1,2,(1070.935749658718, 377.2620528145685),(306.02358063081647, 562.9735653569863),(980.1597658848269, 621.5717675523148),
69,15,sd,1,1,1,2,(381, 387),1,1,1,2,(1071.006230166085, 379.5109486543266),(307.7024740153486, 561.4756277737159),(980.2074710803535, 619.322273339315),
70,15,sd,1,1,1,2,(384, 390),1,1,1,2,(1071.0767106734525, 381.75984449408475),(309.3813673998808, 559.9776901904455),(980.25517627588, 617.0727791263151),
71,15,sd,1,1,1,2,(387, 393),1,1,1,2,(1071.1471911808198, 384.00874033384287),(311.06026078441295, 558.4797526071751),(980.3028814714065, 614.8232849133153),
72,15,sd,1,1,1,2,(390, 396),1,1,1,2,(1071.217671688187, 386.25763617360093),(312.7391541689451, 556.9818150239047),(980.350586666933, 612.5737907003155),
73,15,sd,1,1,1,2,(393, 399),1,1,1,2,(1071.2881521955542, 388.506532013359),(314.41804755347727, 555.4838774406343),(980.3982918624596, 610.3242964873157),
74,15,sd,1,1,1,2,(396, 402),1,1,1,2,(1071.3586327029216, 390.75542785311706),(316.0969409380094, 553.9859398573639),(980.4459970579861, 608.0748022743159),
75,15,sd,1,1,1,2,(399, 405),1,1,1,2,(1071.4291132102887, 393.0043236928751),(317.7758343225416, 552.4880022740934),(980.4937022535127, 605.825308061316),
76,15,sd,1,1,1,2,(402, 408),1,1,1,2,(1071.4995937176561, 395.2532195326332),(319.45472770707374, 550.990064690823),(980.5414074490392, 603.5758138483162),
77,15,sd,1,1,1,2,(405, 411),1,1,1,2,(1071.5700742250233, 397.50211537239124),(321.1336210916059, 549.4921271075526),(980.5891126445657, 601.3263196353164),
78,15,sd,1,1,1,2,(408, 414),1,1,1,2,(1071.6405547323907, 399.7510112121493),(322.20872871968567, 548.4461139202339),(980.6368178400922, 599.0768254223166),
79,15,sd,1,1,1,2,(411, 417),1,1,1,2,(1071.7110352397578, 401.99990705190737),(323.28383634776543, 547.4001007329151),(980.6845230356188, 596.8273312093168),
80,14,sd,2,1,1,2,(414, 420),2,1,1,2,(1071.7815157471252, 404.24880289166543),(324.3589439758452, 546.3540875455964),(980.7322282311453, 594.5778369963169),
81,14,sd,2,1,1,2,(417, 423),2,1,1,2,(1071.8519962544924, 406.4976987314235),(325.43405160392496, 545.3080743582776),(980.7799334266718, 592.3283427833171),
82,14,sd,2,1,1,2,(420, 426),2,1,1,2,(1071.9224767618598, 408.74659457118156),(326.5091592320047, 544.2620611709589),(980.8276386221984, 590.0788485703173),
83,14,sd,2,1,1,2,(423, 429),2,1,1,2,(1071.992957269227, 410.9954904109396),(327.5842668600845, 543.2160479836401),(980.8753438177249, 587.8293543573175),
84,14,sd,2,1,1,2,(426, 432),2,1,1,2,(1072.0634377765944, 413.2443862506977),(328.65937448816425, 542.1700347963214),(980.9230490132514, 585.5798601443176),
85,14,sd,2,1,1,2,(429, 435),2,1,1,2,(1072.1339182839615, 415.49328209045575),(329.734482116244, 541.1240216090026),(980.970754208778, 583.3303659313178),
86,14,sd,2,1,1,2,(432, 438),2,1,1,2,(1072.204398791329, 417.7421779302138),(330.8095897443238, 540.0780084216839),(981.0184594043045, 581.080871718318),
87,14,sd,2,1,1,2,(435, 441),2,1,1,2,(1072.274879298696, 419.9910737699719),(331.88469737240354, 539.0319952343651),(981.066164599831, 578.8313775053182),
88,13,sd,2,2,1,2,(438, 444),2,2,1,2,(1071.6173242096982, 422.1428454365139),(333.88549479468924, 538.002767526336),(981.1138697953576, 576.5818832923184),
89,13,d,2,2,1,2,(441, 444),2,2,1,2,(1070.9597691207002, 424.2946171030559),(335.88629221697494, 536.9735398183069),(981.1615749908841, 574.3323890793185),
90,13,d,2,2,1,2,(444, 444),2,2,1,2,(1070.3022140317023, 426.4463887695979),(337.88708963926064, 535.9443121102778),(981.2092801864106, 572.0828948663187),
91,13,d,2,2,1,2,(447, 444),2,2,1,2,(1069.6446589427044, 428.5981604361399),(339.88788706154634, 534.9150844022487),(981.2569853819372, 569.8334006533189),
92,13,d,2,2,1,2,(450, 444),2,2,1,2,(1068.9871038537065, 430.7499321026819),(341.88868448383204, 533.8858566942196),(981.3046905774637, 567.5839064403191),
93,13,d,2,2,1,2,(453, 444),2,2,1,2,(1068.3295487647085, 432.9017037692239),(343.88948190611774, 532.8566289861905),(981.3523957729902, 565.3344122273193),
94,13,d,2,2,1,2,(456, 444),2,2,1,2,(1067.6719936757106, 435.0534754357659),(345.89027932840344, 531.8274012781613),(981.4001009685168, 563.0849180143194),
95,13,d,2,2,1,2,(459, 444),2,2,1,2,(1067.0144385867127, 437.2052471023079),(346.15939320746554, 533.3030630687136),(981.4478061640433, 560.8354238013196),
96,13,d,2,2,1,2,(462, 444),2,2,1,2,(1066.3568834977148, 439.3570187688499),(348.1525044535172, 532.2590287968326),(981.4955113595698, 558.5859295883198),
97,12,d,2,2,1,3,(465, 444),2,2,1,3,(1065.6993284087168, 441.5087904353919),(350.1456156995689, 531.2149945249515),(983.3231970143349, 557.2736547895959),
98,12,d,2,2,1,3,(468, 444),2,2,1,3,(1065.041773319719, 443.6605621019339),(352.1387269456206, 530.1709602530705),(985.1508826691, 555.9613799908719),
99,12,d,2,2,1,3,(471, 444),2,2,1,3,(1065.041773319719, 443.6605621019339),(354.1318381916723, 529.1269259811894),(986.9785683238651, 554.649105192148),
100,12,d,2,2,1,3,(474, 444),2,2,1,3,(1065.041773319719, 443.6605621019339),(356.12494943772396, 528.0828917093083),(988.8062539786303, 553.3368303934241),
101,12,d,2,2,1,3,(477, 444),2,2,1,3,(1065.041773319719, 443.6605621019339),(358.11806068377564, 527.0388574374273),(990.6339396333954, 552.0245555947001),
102,11,d,3,2,1,3,(480, 444),3,2,1,3,(1065.041773319719, 443.6605621019339),(360.2855863927979, 527.64245689131),(992.4616252881605, 550.7122807959762),
103,11,d,3,2,1,3,(483, 444),3,2,1,3,(1065.041773319719, 443.6605621019339),(362.4531121018201, 528.2460563451926),(994.2893109429256, 549.4000059972523),
104,11,d,3,2,1,3,(486, 444),3,2,1,3,(1065.041773319719, 443.6605621019339),(364.62063781084237, 528.8496557990753),(996.1169965976907, 548.0877311985283),
105,11,d,3,2,1,3,(489, 444),3,2,1,3,(1065.041773319719, 443.6605621019339),(366.7881635198646, 529.453255252958),(997.9446822524558, 546.7754563998044),
106,11,sd,3,2,1,3,(492, 447),3,2,1,3,(1065.041773319719, 443.6605621019339),(368.95568922888685, 530.0568547068407),(999.7723679072208, 545.4631816010805),
107,11,sd,3,2,1,3,(495, 450),3,2,1,3,(1065.041773319719, 443.6605621019339),(371.1232149379091, 530.6604541607234),(1001.6000535619858, 544.1509068023565),
108,11,sd,3,2,1,3,(498, 453),3,2,1,3,(1065.041773319719, 443.6605621019339),(373.29074064693134, 531.264053614606),(1003.4277392167508, 542.8386320036326),
109,11,sd,3,2,1,3,(501, 456),3,2,1,3,(1065.041773319719, 443.6605621019339),(375.4582663559536, 531.8676530684887),(1005.2554248715157, 541.5263572049087),
110,10,sd,3,2,1,4,(504, 459),3,2,1,4,(1065.041773319719, 443.6605621019339),(377.6257920649758, 532.4712525223714),(1004.6220634580885, 539.3673404564832),
111,10,sd,3,2,1,4,(507, 462),3,2,1,4,(1065.041773319719, 443.6605621019339),(379.79331777399807, 533.0748519762541),(1003.9887020446613, 537.2083237080578),
112,10,sd,3,2,1,4,(510, 465),3,2,1,4,(1065.041773319719, 443.6605621019339),(381.9608434830203, 533.6784514301368),(1003.3553406312341, 535.0493069596324),
113,10,sd,3,2,1,4,(513, 468),3,2,1,4,(1065.041773319719, 443.6605621019339),(384.12836919204256, 534.2820508840194),(1002.7219792178068, 532.890290211207),
114,10,sd,3,2,1,4,(516, 471),3,2,1,4,(1065.041773319719, 443.6605621019339),(386.2958949010648, 534.8856503379021),(1002.0886178043796, 530.7312734627816),
115,10,sd,3,2,1,4,(519, 474),3,2,1,4,(1063.0026157882023, 444.6115282220765),(388.46342061008704, 535.4892497917848),(1001.4552563909524, 528.5722567143562),
116,10,sd,3,2,1,4,(522, 477),3,2,1,4,(1060.9634582566857, 445.5624943422191),(390.6309463191093, 536.0928492456675),(1000.8218949775252, 526.4132399659308),
117,10,sd,3,2,1,4,(525, 480),3,2,1,4,(1058.9243007251691, 446.5134604623617),(392.7984720281315, 536.6964486995502),(1000.188533564098, 524.2542232175053),
118,10,sd,3,2,1,4,(528, 483),3,2,1,4,(1056.8851431936525, 447.4644265825043),(394.96599773715377, 537.3000481534328),(999.5551721506707, 522.0952064690799),
119,10,sd,3,2,1,4,(531, 486),3,2,1,4,(1054.845985662136, 448.4153927026469),(397.133523446176, 537.9036476073155),(998.9218107372435, 519.9361897206545),
120,10,sd,3,2,1,4,(534, 489),3,2,1,4,(1052.8068281306194, 449.3663588227895),(399.30104915519826, 538.5072470611982),(998.2884493238163, 517.7771729722291),
121,9,sd,3,2,1,5,(537, 492),3,2,1,5,(1051.3334713800853, 447.66585304930453),(401.4685748642205, 539.1108465150809),(996.0387258490475, 517.7418985186628),
122,9,sd,3,2,1,5,(540, 495),3,2,1,5,(1049.8601146295512, 445.96534727581957),(403.63610057324274, 539.7144459689636),(993.7890023742788, 517.7066240650964),
123,9,sd,3,2,1,5,(543, 498),3,2,1,5,(1048.386757879017, 444.2648415023346),(405.803626282265, 540.3180454228462),(991.53927889951, 517.6713496115301),
124,9,sd,3,2,1,5,(546, 501),3,2,1,5,(1046.913401128483, 442.56433572884964),(407.97115199128723, 540.9216448767289),(989.2895554247413, 517.6360751579638),
125,9,s,3,2,1,5,(546, 504),3,2,1,5,(1045.4400443779489, 440.8638299553647),(410.1386777003095, 541.5252443306116),(987.0398319499725, 517.6008007043974),
126,9,s,3,2,1,5,(546, 507),3,2,1,5,(1043.9666876274148, 439.1633241818797),(412.3062034093317, 542.1288437844943),(984.7901084752037, 517.5655262508311),
127,9,s,3,2,1,5,(546, 510),3,2,1,5,(1042.4933308768807, 437.46281840839475),(414.47372911835396, 542.732443238377),(982.540385000435, 517.5302517972648),
128,9,s,3,2,1,5,(546, 513),3,2,1,5,(1041.0199741263466, 435.7623126349098),(416.6412548273762, 543.3360426922596),(980.2906615256662, 517.4949773436985),
129,9,s,3,2,1,5,(546, 516),3,2,1,5,(1039.5466173758125, 434.0618068614248),(418.80878053639844, 543.9396421461423),(978.0409380508975, 517.4597028901321),
130,9,s,3,2,1,5,(546, 519),3,2,1,5,(1038.0732606252784, 432.36130108793986),(420.9763062454207, 544.543241600025),(975.7912145761287, 517.4244284365658),
131,9,s,3,2,1,5,(546, 522),3,2,1,5,(1036.5999038747443, 430.6607953144549),(423.14383195444293, 545.1468410539077),(973.54149110136, 517.3891539829995),
132,9,s,3,2,1,5,(546, 525),3,2,1,5,(1035.1265471242102, 428.96028954096994),(425.3113576634652, 545.7504405077904),(971.2917676265912, 517.3538795294331),
133,9,s,3,2,1,5,(546, 528),3,2,1,5,(1033.6531903736761, 427.259783767485),(427.4788833724874, 546.354039961673),(969.0420441518224, 517.3186050758668),
134,9,s,3,2,1,5,(546, 531),3,2,1,5,(1032.179833623142, 425.559277994),(429.64640908150966, 546.9576394155557),(966.7923206770537, 517.2833306223005),
135,9,s,3,2,1,5,(546, 534),3,2,1,5,(1030.706476872608, 423.85877222051505),(431.8139347905319, 547.5612388694384),(964.5425972022849, 517.2480561687341),
136,9,s,3,2,1,5,(546, 537),3,2,1,5,(1029.2331201220738, 422.1582664470301),(433.98146049955415, 548.1648383233211),(962.2928737275162, 517.2127817151678),
137,9,s,3,2,1,5,(546, 540),3,2,1,5,(1027.7597633715397, 420.4577606735451),(436.1489862085764, 548.7684377772038),(960.0431502527474, 517.1775072616015),
138,8,s,4,2,1,5,(546, 543),4,2,1,5,(1026.2864066210057, 418.75725490006016),(437.94270451565217, 550.1267730211187),(957.7934267779787, 517.1422328080351),
139,8,s,4,2,1,5,(546, 546),4,2,1,5,(1024.8130498704716, 417.0567491265752),(439.73642282272795, 551.4851082650335),(955.5437033032099, 517.1069583544688),
140,8,s,4,2,1,5,(546, 549),4,2,1,5,(1023.3396931199375, 415.35624335309024),(441.5301411298037, 552.8434435089484),(953.2939798284411, 517.0716839009025),
141,8,s,4,2,1,5,(546, 552),4,2,1,5,(1021.8663363694034, 413.6557375796053),(443.3238594368795, 554.2017787528633),(951.0442563536724, 517.0364094473362),
142,8,s,4,2,1,5,(546, 555),4,2,1,5,(1020.3929796188693, 411.9552318061203),(445.1175777439553, 555.5601139967782),(948.7945328789036, 517.0011349937698),
143,8,s,4,2,1,5,(546, 558),4,2,1,5,(1018.9196228683352, 410.25472603263535),(446.91129605103106, 556.9184492406931),(946.5448094041349, 516.9658605402035),
144,8,s,4,2,1,5,(546, 561),4,2,1,5,(1017.4462661178011, 408.5542202591504),(448.70501435810684, 558.276784484608),(944.2950859293661, 516.9305860866372),
145,8,s,4,2,1,5,(546, 564),4,2,1,5,(1015.972909367267, 406.8537144856654),(450.4987326651826, 559.6351197285229),(942.0453624545974, 516.8953116330708),
146,8,s,4,2,1,5,(546, 567),4,2,1,5,(1014.4995526167329, 405.15320871218046),(452.2924509722584, 560.9934549724378),(939.7956389798286, 516.8600371795045),
147,8,sd,4,2,1,5,(549, 570),4,2,1,5,(1013.0261958661988, 403.4527029386955),(454.0861692793342, 562.3517902163527),(937.5459155050598, 516.8247627259382),
148,8,sd,4,2,1,5,(552, 573),4,2,1,5,(1011.5528391156647, 401.75219716521053),(455.87988758640995, 563.7101254602676),(935.2961920302911, 516.7894882723718),
149,8,sd,4,2,1,5,(555, 576),4,2,1,5,(1010.0794823651306, 400.05169139172557),(457.6736058934857, 565.0684607041825),(933.0464685555223, 516.7542138188055),
150,8,sd,4,2,1,5,(558, 579),4,2,1,5,(1008.6061256145965, 398.3511856182406),(459.4673242005615, 566.4267959480974),(930.7967450807536, 516.7189393652392),
151,8,sd,4,2,1,5,(561, 582),4,2,1,5,(1007.1327688640624, 396.65067984475564),(461.2610425076373, 567.7851311920123),(928.5470216059848, 516.6836649116728),
152,8,sd,4,2,1,5,(564, 585),4,2,1,5,(1005.6594121135283, 394.9501740712707),(463.05476081471306, 569.1434664359272),(926.297298131216, 516.6483904581065),
153,8,sd,4,2,1,5,(567, 588),4,2,1,5,(1004.1860553629942, 393.2496682977857),(464.84847912178884, 570.5018016798421),(924.0475746564473, 516.6131160045402),
154,8,sd,4,2,1,5,(570, 591),4,2,1,5,(1002.7126986124601, 391.54916252430075),(466.6421974288646, 571.860136923757),(921.7978511816785, 516.5778415509739),
155,8,sd,4,2,1,5,(573, 594),4,2,1,5,(1001.239341861926, 389.8486567508158),(468.4359157359404, 573.2184721676718),(919.5481277069098, 516.5425670974075),
156,8,sd,4,2,1,5,(576, 597),4,2,1,5,(999.765985111392, 388.14815097733083),(470.2296340430162, 574.5768074115867),(917.298404232141, 516.5072926438412),
157,8,sd,4,2,1,5,(579, 600),4,2,1,5,(998.2926283608579, 386.44764520384587),(472.02335235009195, 575.9351426555016),(915.0486807573723, 516.4720181902749),
158,8,sd,4,2,1,5,(582, 603),4,2,1,5,(996.8192716103238, 384.7471394303609),(473.81707065716773, 577.2934778994165),(912.7989572826035, 516.4367437367085),
159,8,sd,4,2,1,5,(585, 606),4,2,1,5,(995.3459148597897, 383.04663365687594),(475.6107889642435, 578.6518131433314),(910.5492338078348, 516.4014692831422),
160,8,sd,4,2,1,5,(588, 609),4,2,1,5,(993.8725581092556, 381.346127883391),(477.4045072713193, 580.0101483872463),(908.299510333066, 516.366194829576),
161,8,sd,4,2,1,5,(591, 612),4,2,1,5,(992.3992013587215, 379.645622109906),(479.19822557839507, 581.3684836311612),(906.0497868582972, 516.3309203760097),
162,8,sd,4,2,1,5,(594, 615),4,2,1,5,(990.9258446081874, 377.94511633642105),(479.19822557839507, 581.3684836311612),(903.8000633835285, 516.2956459224434),
163,8,sd,4,2,1,5,(597, 618),4,2,1,5,(989.4524878576533, 376.2446105629361),(479.19822557839507, 581.3684836311612),(901.5503399087597, 516.2603714688771),
164,8,sd,4,2,1,5,(600, 621),4,2,1,5,(987.9791311071192, 374.5441047894511),(479.19822557839507, 581.3684836311612),(899.300616433991, 516.2250970153109),
165,8,sd,4,2,1,5,(603, 624),4,2,1,5,(986.5057743565851, 372.84359901596616),(479.19822557839507, 581.3684836311612),(897.0508929592222, 516.1898225617446),
166,8,sd,4,2,1,5,(606, 627),4,2,1,5,(985.032417606051, 371.1430932424812),(479.19822557839507, 581.3684836311612),(894.8011694844535, 516.1545481081783),
167,8,sd,4,2,1,5,(609, 630),4,2,1,5,(983.5590608555169, 369.44258746899624),(479.19822557839507, 581.3684836311612),(892.5514460096847, 516.119273654612),
168,8,sd,4,2,1,5,(612, 633),4,2,1,5,(982.0857041049828, 367.7420816955113),(480.99194388547085, 582.7268188750761),(890.3017225349159, 516.0839992010458),
169,8,sd,4,2,1,5,(615, 636),4,2,1,5,(980.6123473544487, 366.0415759220263),(482.7856621925466, 584.085154118991),(890.3017225349159, 516.0839992010458),
170,8,sd,4,2,1,5,(618, 639),4,2,1,5,(979.1389906039146, 364.34107014854135),(484.5793804996224, 585.4434893629059),(890.3017225349159, 516.0839992010458),
171,8,sd,4,2,1,5,(621, 642),4,2,1,5,(977.6656338533805, 362.6405643750564),(486.3730988066982, 586.8018246068208),(890.3017225349159, 516.0839992010458),
172,7,sd,5,2,1,5,(624, 645),5,2,1,5,(976.1922771028464, 360.9400586015714),(486.9901140337794, 588.9655695570286),(890.3017225349159, 516.0839992010458),
173,7,sd,5,2,1,5,(627, 648),5,2,1,5,(974.7189203523124, 359.23955282808646),(487.6071292608606, 591.1293145072365),(890.3017225349159, 516.0839992010458),
174,7,sd,5,2,1,5,(630, 651),5,2,1,5,(973.2455636017783, 357.5390470546015),(488.22414448794177, 593.2930594574443),(890.3017225349159, 516.0839992010458),
175,7,sd,5,2,1,5,(633, 654),5,2,1,5,(971.7722068512442, 355.83854128111653),(488.8411597150229, 595.4568044076522),(890.3017225349159, 516.0839992010458),
176,7,sd,5,2,1,5,(636, 657),5,2,1,5,(970.2988501007101, 354.13803550763157),(489.4581749421041, 597.62054935786),(890.3017225349159, 516.0839992010458),
177,7,sd,5,2,1,5,(639, 660),5,2,1,5,(968.825493350176, 352.4375297341466),(490.07519016918525, 599.7842943080678),(890.3017225349159, 516.0839992010458),
178,7,sd,5,2,1,5,(642, 663),5,2,1,5,(967.3521365996419, 350.73702396066165),(490.69220539626644, 601.9480392582757),(890.3017225349159, 516.0839992010458),
179,7,sd,5,2,1,5,(645, 666),5,2,1,5,(965.8787798491078, 349.0365181871767),(491.3092206233476, 604.1117842084835),(890.3017225349159, 516.0839992010458),
180,7,sd,5,2,1,5,(648, 669),5,2,1,5,(964.4054230985737, 347.3360124136917),(491.9262358504288, 606.2755291586914),(890.3017225349159, 516.0839992010458),
181,6,sd,6,2,1,5,(651, 672),6,2,1,5,(962.9320663480396, 345.63550664020676),(492.5432510775099, 608.4392741088992),(890.3017225349159, 516.0839992010458),
182,6,sd,6,2,1,5,(654, 675),6,2,1,5,(961.4587095975055, 343.9350008667218),(493.1602663045911, 610.603019059107),(890.3017225349159, 516.0839992010458),
183,6,d,6,2,1,5,(657, 675),6,2,1,5,(959.9853528469714, 342.23449509323683),(493.77728153167226, 612.7667640093149),(890.3017225349159, 516.0839992010458),
184,6,d,6,2,1,5,(660, 675),6,2,1,5,(958.5119960964373, 340.53398931975187),(494.3942967587534, 614.9305089595227),(890.3017225349159, 516.0839992010458),
185,6,d,6,2,1,5,(663, 675),6,2,1,5,(957.0386393459032, 338.8334835462669),(495.0113119858346, 617.0942539097306),(890.3017225349159, 516.0839992010458),
186,6,sd,6,2,1,5,(666, 678),6,2,1,5,(955.5652825953691, 337.13297777278194),(495.6283272129158, 619.2579988599384),(890.3017225349159, 516.0839992010458),
187,6,sd,6,2,1,5,(669, 681),6,2,1,5,(954.091925844835, 335.432471999297),(496.24534243999693, 621.4217438101463),(890.3017225349159, 516.0839992010458),
188,6,sd,6,2,1,5,(672, 684),6,2,1,5,(952.6185690943009, 333.731966225812),(496.8623576670781, 623.5854887603541),(890.3017225349159, 516.0839992010458),
189,6,s,6,2,1,5,(672, 687),6,2,1,5,(951.1452123437668, 332.03146045232705),(497.47937289415927, 625.749233710562),(890.3017225349159, 516.0839992010458),
190,6,sa,6,2,1,5,(669, 690),6,2,1,5,(949.6718555932327, 330.3309546788421),(498.0963881212404, 627.9129786607698),(890.3017225349159, 516.0839992010458),
191,6,sa,6,2,1,5,(666, 693),6,2,1,5,(948.1984988426987, 328.6304489053571),(498.7134033483216, 630.0767236109776),(890.3017225349159, 516.0839992010458),
192,6,sa,6,2,1,5,(663, 696),6,2,1,5,(946.7251420921646, 326.92994313187216),(499.33041857540275, 632.2404685611855),(888.0519990601472, 516.0487247474795),
193,6,sa,6,2,1,5,(660, 699),6,2,1,5,(945.2517853416305, 325.2294373583872),(499.94743380248394, 634.4042135113933),(885.8022755853784, 516.0134502939133),
194,6,sa,6,2,1,5,(657, 702),6,2,1,5,(943.7784285910964, 323.52893158490224),(500.5644490295651, 636.5679584616012),(883.5525521106097, 515.9781758403469),
195,6,sa,6,2,1,5,(654, 705),6,2,1,5,(942.3050718405623, 321.8284258114173),(501.1814642566463, 638.731703411809),(881.3028286358409, 515.9429013867807),
196,6,sa,6,2,1,5,(651, 708),6,2,1,5,(940.8317150900282, 320.1279200379323),(501.7984794837274, 640.8954483620169),(879.0531051610722, 515.9076269332144),
197,6,sa,6,2,1,5,(648, 711),6,2,1,5,(939.3583583394941, 318.42741426444735),(502.4154947108086, 643.0591933122247),(876.8033816863034, 515.8723524796482),
198,6,sa,6,2,1,5,(645, 714),6,2,1,5,(937.88500158896, 316.7269084909624),(503.03250993788976, 645.2229382624325),(874.5536582115346, 515.8370780260818),
199,6,sa,6,2,1,5,(642, 717),6,2,1,5,(936.4116448384259, 315.0264027174774),(503.6495251649709, 647.3866832126404),(872.3039347367659, 515.8018035725156),
200,6,sa,6,2,1,5,(639, 720),6,2,1,5,(934.9382880878918, 313.32589694399246),(504.2665403920521, 649.5504281628482),(870.0542112619971, 515.7665291189493),
201,6,sa,6,2,1,5,(636, 723),6,2,1,5,(933.4649313373577, 311.6253911705075),(504.88355561913323, 651.7141731130561),(867.8044877872284, 515.7312546653831),
202,6,sa,6,2,1,5,(633, 726),6,2,1,5,(931.9915745868236, 309.92488539702254),(505.50057084621443, 653.8779180632639),(865.5547643124596, 515.6959802118167),
203,6,sa,6,2,1,5,(630, 729),6,2,1,5,(930.5182178362895, 308.2243796235376),(506.11758607329557, 656.0416630134717),(863.3050408376909, 515.6607057582505),
204,6,sa,6,2,1,5,(627, 732),6,2,1,5,(929.0448610857554, 306.5238738500526),(506.73460130037677, 658.2054079636796),(861.0553173629221, 515.6254313046842),
205,6,sa,6,2,1,5,(624, 735),6,2,1,5,(927.5715043352213, 304.82336807656765),(507.3516165274579, 660.3691529138874),(858.8055938881533, 515.590156851118),
206,6,sa,6,2,1,5,(621, 738),6,2,1,5,(926.0981475846872, 303.1228623030827),(507.9686317545391, 662.5328978640953),(856.5558704133846, 515.5548823975516),
207,6,sa,6,2,1,5,(618, 741),6,2,1,5,(924.6247908341531, 301.4223565295977),(508.58564698162024, 664.6966428143031),(854.3061469386158, 515.5196079439854),
208,6,sa,6,2,1,5,(615, 744),6,2,1,5,(923.151434083619, 299.72185075611276),(509.20266220870144, 666.860387764511),(852.0564234638471, 515.4843334904191),
209,5,sa,6,3,1,5,(612, 747),6,3,1,5,(920.9250007774509, 300.04665028379935),(509.8196774357826, 669.0241327147188),(849.8066999890783, 515.4490590368529),
210,5,sa,6,3,1,5,(609, 750),6,3,1,5,(918.6985674712828, 300.37144981148595),(510.4366926628637, 671.1878776649266),(847.5569765143096, 515.4137845832865),
211,5,sa,6,3,1,5,(606, 753),6,3,1,5,(916.4721341651147, 300.69624933917254),(511.0537078899449, 673.3516226151345),(845.3072530395408, 515.3785101297203),
212,5,sa,6,3,1,5,(603, 756),6,3,1,5,(914.2457008589465, 301.0210488668592),(511.67072311702606, 675.5153675653423),(843.057529564772, 515.343235676154),
213,5,sa,6,3,1,5,(600, 759),6,3,1,5,(912.0192675527784, 301.34584839454584),(512.2877383441072, 677.6791125155502),(840.8078060900033, 515.3079612225878),
214,5,sa,6,3,1,5,(597, 762),6,3,1,5,(909.7928342466103, 301.67064792223243),(512.9047535711884, 679.842857465758),(838.5580826152345, 515.2726867690214),
215,5,sa,6,3,1,5,(594, 765),6,3,1,5,(907.5664009404421, 301.9954474499191),(513.5217687982696, 682.0066024159659),(836.3083591404658, 515.2374123154552),
216,5,sa,6,3,1,5,(591, 768),6,3,1,5,(905.339967634274, 302.32024697760573),(514.1387840253508, 684.1703473661737),(834.058635665697, 515.2021378618889),
217,5,sa,6,3,1,5,(588, 771),6,3,1,5,(903.1135343281059, 302.6450465052923),(514.755799252432, 686.3340923163815),(831.8089121909283, 515.1668634083227),
218,5,sa,6,3,1,5,(585, 774),6,3,1,5,(900.8871010219377, 302.969846032979),(515.3728144795132, 688.4978372665894),(829.5591887161595, 515.1315889547564),
219,4,a,7,3,1,5,(582, 774),7,3,1,5,(898.6606677157696, 303.2946455606656),(516.2587216321125, 686.4295847392191),(827.3094652413907, 515.0963145011901),
220,3,a,7,3,1,6,(579, 774),7,3,1,6,(896.4342344096015, 303.6194450883522),(517.1446287847118, 684.3613322118488),(826.4452215152476, 513.0189164214225),
221,3,a,7,3,1,6,(576, 774),7,3,1,6,(894.2078011034333, 303.9442446160389),(518.0305359373111, 682.2930796844785),(825.5809777891044, 510.94151834165496),
222,3,a,7,3,1,6,(573, 774),7,3,1,6,(891.9813677972652, 304.26904414372547),(518.9164430899104, 680.2248271571082),(824.7167340629612, 508.86412026188736),
223,3,a,7,3,1,6,(570, 774),7,3,1,6,(889.7549344910971, 304.5938436714121),(519.8023502425098, 678.1565746297379),(823.852490336818, 506.7867221821198),
224,3,a,7,3,1,6,(567, 774),7,3,1,6,(887.5285011849289, 304.9186431990987),(520.6882573951091, 676.0883221023676),(822.9882466106749, 504.7093241023522),
225,3,a,7,3,1,6,(564, 774),7,3,1,6,(885.3020678787608, 305.24344272678536),(521.5741645477084, 674.0200695749973),(822.1240028845317, 502.6319260225846),
226,3,a,7,3,1,6,(561, 774),7,3,1,6,(883.0756345725927, 305.568242254472),(522.4600717003077, 671.951817047627),(821.2597591583885, 500.554527942817),
227,3,a,7,3,1,6,(558, 774),7,3,1,6,(880.8492012664245, 305.8930417821586),(523.345978852907, 669.8835645202566),(820.3955154322454, 498.4771298630494),
228,3,a,7,3,1,6,(555, 774),7,3,1,6,(878.6227679602564, 306.21784130984526),(524.2318860055063, 667.8153119928863),(819.5312717061022, 496.3997317832818),
229,3,a,7,3,1,6,(552, 774),7,3,1,6,(876.3963346540883, 306.54264083753185),(525.1177931581057, 665.747059465516),(818.667027979959, 494.32233370351423),
230,3,a,7,3,1,6,(549, 774),7,3,1,6,(874.1699013479201, 306.8674403652185),(526.003700310705, 663.6788069381457),(817.8027842538158, 492.24493562374664),
231,3,a,7,3,1,6,(546, 774),7,3,1,6,(871.943468041752, 307.19223989290515),(526.8896074633043, 661.6105544107754),(816.9385405276727, 490.16753754397905),
232,3,a,7,3,1,6,(543, 774),7,3,1,6,(869.7170347355839, 307.51703942059174),(527.7755146159036, 659.5423018834051),(816.0742968015295, 488.09013946421146),
233,3,a,7,3,1,6,(540, 774),7,3,1,6,(867.4906014294157, 307.8418389482784),(528.6614217685029, 657.4740493560348),(815.2100530753863, 486.01274138444387),
234,3,a,7,3,1,6,(537, 774),7,3,1,6,(865.2641681232476, 308.16663847596504),(529.5473289211022, 655.4057968286645),(814.3458093492432, 483.9353433046763),
235,3,wd,7,3,1,6,(540, 771),7,3,1,6,(863.0377348170795, 308.49143800365164),(530.4332360737016, 653.3375443012942),(813.4815656231, 481.8579452249087),
236,3,wd,7,3,1,6,(543, 768),7,3,1,6,(860.8113015109113, 308.8162375313383),(531.3191432263009, 651.2692917739239),(812.6173218969568, 479.7805471451411),
237,3,wd,7,3,1,6,(546, 765),7,3,1,6,(858.5848682047432, 309.14103705902494),(532.2050503789002, 649.2010392465536),(811.7530781708136, 477.7031490653735),
238,3,wd,7,3,1,6,(549, 762),7,3,1,6,(856.3584348985751, 309.46583658671153),(533.0909575314995, 647.1327867191833),(810.8888344446705, 475.6257509856059),
239,3,wd,7,3,1,6,(552, 759),7,3,1,6,(854.1320015924069, 309.7906361143982),(533.9768646840988, 645.064534191813),(810.0245907185273, 473.5483529058383),
240,3,wd,7,3,1,6,(555, 756),7,3,1,6,(851.9055682862388, 310.1154356420848),(534.8627718366981, 642.9962816644427),(809.1603469923841, 471.47095482607074),
241,3,wd,7,3,1,6,(558, 753),7,3,1,6,(849.6791349800707, 310.4402351697714),(535.7486789892974, 640.9280291370724),(808.296103266241, 469.39355674630315),
242,3,wd,7,3,1,6,(561, 750),7,3,1,6,(847.4527016739025, 310.7650346974581),(536.6345861418968, 638.8597766097021),(807.4318595400978, 467.31615866653556),
243,3,wd,7,3,1,6,(564, 747),7,3,1,6,(845.2262683677344, 311.08983422514467),(537.5204932944961, 636.7915240823318),(806.5676158139545, 465.23876058676797),
244,3,wd,7,3,1,6,(567, 744),7,3,1,6,(842.9998350615663, 311.4146337528313),(538.4064004470954, 634.7232715549615),(805.7033720878113, 463.1613625070004),
245,3,wd,7,3,1,6,(570, 741),7,3,1,6,(840.7734017553981, 311.7394332805179),(539.2923075996947, 632.6550190275912),(804.839128361668, 461.0839644272328),
246,3,wd,7,3,1,6,(573, 738),7,3,1,6,(838.54696844923, 312.06423280820457),(540.178214752294, 630.5867665002208),(803.9748846355249, 459.0065663474652),
247,3,wd,7,3,1,6,(576, 735),7,3,1,6,(836.3205351430619, 312.3890323358912),(541.0641219048933, 628.5185139728505),(803.1106409093816, 456.9291682676976),
248,3,wd,7,3,1,6,(579, 732),7,3,1,6,(834.0941018368937, 312.7138318635778),(541.9500290574927, 626.4502614454802),(802.2463971832384, 454.85177018793),
249,3,wd,7,3,1,6,(582, 729),7,3,1,6,(831.8676685307256, 313.03863139126446),(542.835936210092, 624.3820089181099),(801.3821534570951, 452.7743721081624),
250,3,wd,7,3,1,6,(585, 726),7,3,1,6,(829.6412352245575, 313.3634309189511),(543.7218433626913, 622.3137563907396),(800.5179097309519, 450.69697402839483),
251,3,wd,7,3,1,6,(588, 723),7,3,1,6,(827.4148019183893, 313.6882304466377),(544.6077505152906, 620.2455038633693),(799.6536660048087, 448.61957594862724),
252,3,wd,7,3,1,6,(591, 720),7,3,1,6,(825.1883686122212, 314.01302997432435),(545.4936576678899, 618.177251335999),(798.4692178661285, 447.6992050414507),
253,3,wd,7,3,1,6,(594, 717),7,3,1,6,(822.9619353060531, 314.337829502011),(546.3795648204892, 616.1089988086287),(797.2847697274483, 446.7788341342741),
254,3,wd,7,3,1,6,(597, 714),7,3,1,6,(820.735501999885, 314.6626290296976),(547.2654719730886, 614.0407462812584),(796.1003215887681, 445.85846322709756),
255,3,wd,7,3,1,6,(600, 711),7,3,1,6,(818.5090686937168, 314.98742855738425),(548.1513791256879, 611.9724937538881),(794.9158734500879, 444.938092319921),
256,3,wd,7,3,1,6,(603, 708),7,3,1,6,(816.2826353875487, 315.31222808507084),(549.0372862782872, 609.9042412265178),(793.7314253114077, 444.01772141274444),
257,3,wd,7,3,1,6,(606, 705),7,3,1,6,(814.0562020813805, 315.6370276127575),(549.9231934308865, 607.8359886991475),(792.5469771727276, 443.0973505055679),
258,3,wd,7,3,1,6,(609, 702),7,3,1,6,(811.8297687752124, 315.96182714044414),(550.8091005834858, 605.7677361717772),(791.3625290340474, 442.1769795983913),
259,3,wd,7,3,1,6,(612, 699),7,3,1,6,(809.6033354690443, 316.28662666813074),(551.6950077360851, 603.6994836444069),(790.1780808953672, 441.25660869121475),
260,3,wd,7,3,1,6,(615, 696),7,3,1,6,(807.3769021628761, 316.6114261958174),(552.5809148886844, 601.6312311170366),(788.993632756687, 440.3362377840382),
261,3,wd,7,3,1,6,(618, 693),7,3,1,6,(805.150468856708, 316.936225723504),(553.4668220412838, 599.5629785896663),(787.8091846180068, 439.4158668768616),
262,3,w,7,3,1,6,(618, 690),7,3,1,6,(802.9240355505399, 317.26102525119063),(554.3527291938831, 597.494726062296),(786.6247364793267, 438.49549596968507),
263,3,w,7,3,1,6,(618, 687),7,3,1,6,(800.6976022443718, 317.5858247788773),(555.2386363464823, 595.4264735349257),(785.4402883406465, 437.5751250625085),
264,3,w,7,3,1,6,(618, 684),7,3,1,6,(801.7505754468039, 318.65411660930556),(556.1245434990816, 593.3582210075554),(784.2558402019663, 436.65475415533194),
265,3,w,7,3,1,6,(618, 681),7,3,1,6,(802.803548649236, 319.72240843973384),(557.0104506516809, 591.289968480185),(783.0713920632861, 435.7343832481554),
266,3,w,7,3,1,6,(618, 678),7,3,1,6,(803.856521851668, 320.7907002701621),(557.8963578042801, 589.2217159528147),(781.8869439246059, 434.8140123409788),
267,3,w,7,3,1,6,(618, 675),7,3,1,6,(804.9094950541001, 321.8589921005904),(558.7822649568794, 587.1534634254444),(780.7024957859257, 433.89364143380226),
268,3,w,7,3,1,6,(618, 672),7,3,1,6,(805.9624682565322, 322.9272839310187),(559.6681721094787, 585.0852108980741),(779.5180476472456, 432.9732705266257),
269,3,w,7,3,1,6,(618, 669),7,3,1,6,(807.0154414589643, 323.99557576144696),(560.554079262078, 583.0169583707038),(778.3335995085654, 432.05289961944914),
270,3,w,7,3,1,6,(618, 666),7,3,1,6,(808.0684146613964, 325.06386759187524),(561.4399864146773, 580.9487058433335),(778.3335995085654, 432.05289961944914),
271,3,w,7,3,1,6,(618, 663),7,3,1,6,(809.1213878638285, 326.1321594223035),(562.3258935672766, 578.8804533159632),(778.3335995085654, 432.05289961944914),
272,3,w,7,3,1,6,(618, 660),7,3,1,6,(810.1743610662606, 327.2004512527318),(563.2118007198758, 576.8122007885929),(778.3335995085654, 432.05289961944914),
273,3,w,7,3,1,6,(618, 657),7,3,1,6,(811.2273342686927, 328.2687430831601),(564.0977078724751, 574.7439482612226),(778.3335995085654, 432.05289961944914),
274,3,w,7,3,1,6,(618, 654),7,3,1,6,(812.2803074711248, 329.33703491358835),(564.9836150250744, 572.6756957338523),(778.3335995085654, 432.05289961944914),
275,3,w,7,3,1,6,(618, 651),7,3,1,6,(813.3332806735569, 330.40532674401663),(565.8695221776736, 570.607443206482),(778.3335995085654, 432.05289961944914),
276,3,w,7,3,1,6,(618, 648),7,3,1,6,(814.386253875989, 331.4736185744449),(566.7554293302729, 568.5391906791117),(778.3335995085654, 432.05289961944914),
277,3,w,7,3,1,6,(618, 645),7,3,1,6,(815.4392270784211, 332.5419104048732),(567.6413364828722, 566.4709381517414),(778.3335995085654, 432.05289961944914),
278,3,w,7,3,1,6,(618, 642),7,3,1,6,(816.4922002808532, 333.6102022353015),(568.5272436354715, 564.4026856243711),(778.3335995085654, 432.05289961944914),
279,3,w,7,3,1,6,(618, 639),7,3,1,6,(817.5451734832853, 334.67849406572975),(569.4131507880708, 562.3344330970008),(778.3335995085654, 432.05289961944914),
280,3,w,7,3,1,6,(618, 636),7,3,1,6,(818.5981466857174, 335.74678589615803),(570.2990579406701, 560.2661805696305),(778.3335995085654, 432.05289961944914),
281,3,w,7,3,1,6,(618, 633),7,3,1,6,(819.6511198881495, 336.8150777265863),(571.1849650932693, 558.1979280422602),(778.3335995085654, 432.05289961944914),
282,3,w,7,3,1,6,(618, 630),7,3,1,6,(820.7040930905816, 337.8833695570146),(572.0708722458686, 556.1296755148899),(778.3335995085654, 432.05289961944914),
283,3,w,7,3,1,6,(618, 627),7,3,1,6,(821.7570662930137, 338.95166138744287),(572.9567793984679, 554.0614229875196),(778.3335995085654, 432.05289961944914),
284,3,w,7,3,1,6,(618, 624),7,3,1,6,(822.8100394954458, 340.01995321787115),(573.8426865510671, 551.9931704601493),(778.3335995085654, 432.05289961944914),
285,3,w,7,3,1,6,(618, 621),7,3,1,6,(823.8630126978779, 341.0882450482994),(574.7285937036664, 549.924917932779),(778.3335995085654, 432.05289961944914),
286,3,w,7,3,1,6,(618, 618),7,3,1,6,(824.91598590031, 342.1565368787277),(575.6145008562657, 547.8566654054086),(778.3335995085654, 432.05289961944914),
287,3,w,7,3,1,6,(618, 615),7,3,1,6,(825.9689591027421, 343.224828709156),(576.500408008865, 545.7884128780383),(778.3335995085654, 432.05289961944914),
288,3,w,7,3,1,6,(618, 612),7,3,1,6,(827.0219323051742, 344.29312053958427),(577.3863151614643, 543.720160350668),(778.3335995085654, 432.05289961944914),
289,3,w,7,3,1,6,(618, 609),7,3,1,6,(828.0749055076063, 345.36141237001254),(578.2722223140636, 541.6519078232977),(778.3335995085654, 432.05289961944914),
290,3,w,7,3,1,6,(618, 606),7,3,1,6,(829.1278787100384, 346.4297042004408),(579.1581294666628, 539.5836552959274),(778.3335995085654, 432.05289961944914),
291,3,w,7,3,1,6,(618, 603),7,3,1,6,(830.1808519124705, 347.4979960308691),(580.0440366192621, 537.5154027685571),(778.3335995085654, 432.05289961944914),
292,3,w,7,3,1,6,(618, 600),7,3,1,6,(831.2338251149026, 348.5662878612974),(580.9299437718614, 535.4471502411868),(778.3335995085654, 432.05289961944914),
293,3,w,7,3,1,6,(618, 597),7,3,1,6,(832.2867983173347, 349.63457969172566),(581.8158509244606, 533.3788977138165),(778.3335995085654, 432.05289961944914),
294,3,w,7,3,1,6,(618, 594),7,3,1,6,(833.3397715197668, 350.70287152215394),(582.7017580770599, 531.3106451864462),(778.3335995085654, 432.05289961944914),
295,3,w,7,3,1,6,(618, 591),7,3,1,6,(834.3927447221989, 351.7711633525822),(583.5876652296593, 529.2423926590759),(778.3335995085654, 432.05289961944914),
296,3,wd,7,3,1,6,(621, 588),7,3,1,6,(835.445717924631, 352.8394551830105),(584.4735723822585, 527.1741401317056),(778.3335995085654, 432.05289961944914),
297,3,wd,7,3,1,6,(624, 585),7,3,1,6,(836.4986911270631, 353.9077470134388),(585.3594795348578, 525.1058876043353),(778.3335995085654, 432.05289961944914),
298,3,wd,7,3,1,6,(627, 582),7,3,1,6,(837.5516643294952, 354.97603884386706),(586.2453866874571, 523.037635076965),(778.3335995085654, 432.05289961944914),
299,3,wd,7,3,1,6,(630, 579),7,3,1,6,(838.6046375319273, 356.04433067429534),(587.1312938400563, 520.9693825495947),(778.3335995085654, 432.05289961944914),
300,3,wd,7,3,1,6,(633, 576),7,3,1,6,(836.475266553402, 355.3175024718884),(588.0172009926556, 518.9011300222244),(778.3335995085654, 432.05289961944914),
301,3,wd,7,3,1,6,(636, 573),7,3,1,6,(834.3458955748766, 354.5906742694815),(588.9031081452549, 516.8328774948541),(778.3335995085654, 432.05289961944914),
302,3,wd,7,3,1,6,(639, 570),7,3,1,6,(832.2165245963513, 353.8638460670746),(589.7890152978541, 514.7646249674838),(778.3335995085654, 432.05289961944914),
303,3,wd,7,3,1,6,(642, 567),7,3,1,6,(830.087153617826, 353.13701786466765),(590.6749224504534, 512.6963724401135),(778.3335995085654, 432.05289961944914),
304,3,wd,7,3,1,6,(645, 564),7,3,1,6,(827.9577826393006, 352.41018966226073),(591.5608296030528, 510.6281199127432),(778.3335995085654, 432.05289961944914),
305,3,wd,7,3,1,6,(648, 561),7,3,1,6,(825.8284116607753, 351.6833614598538),(592.446736755652, 508.55986738537297),(778.3335995085654, 432.05289961944914),
306,3,wd,7,3,1,6,(651, 558),7,3,1,6,(823.6990406822499, 350.9565332574469),(593.3326439082512, 506.4916148580027),(778.3335995085654, 432.05289961944914),
307,3,wd,7,3,1,6,(654, 555),7,3,1,6,(821.5696697037246, 350.22970505504),(594.2185510608505, 504.4233623306325),(778.3335995085654, 432.05289961944914),
308,3,w,7,3,1,6,(654, 552),7,3,1,6,(819.4402987251992, 349.50287685263305),(595.1044582134497, 502.3551098032622),(778.3335995085654, 432.05289961944914),
309,3,w,7,3,1,6,(654, 549),7,3,1,6,(817.3109277466739, 348.77604865022613),(595.990365366049, 500.286857275892),(778.3335995085654, 432.05289961944914),
310,3,w,7,3,1,6,(654, 546),7,3,1,6,(815.1815567681485, 348.0492204478192),(596.8762725186482, 498.2186047485217),(778.3335995085654, 432.05289961944914),
311,3,w,7,3,1,6,(654, 543),7,3,1,6,(813.0521857896232, 347.32239224541235),(597.7621796712475, 496.1503522211515),(778.3335995085654, 432.05289961944914),
312,3,w,7,3,1,6,(654, 540),7,3,1,6,(810.9228148110979, 346.5955640430054),(598.6480868238467, 494.08209969378123),(779.7845592109055, 431.67248413319106),
313,3,w,7,3,1,6,(654, 537),7,3,1,6,(808.7934438325725, 345.86873584059856),(599.533993976446, 492.013847166411),(781.2355189132456, 431.292068646933),
314,3,w,7,3,1,6,(654, 534),7,3,1,6,(806.6640728540472, 345.14190763819164),(600.4199011290452, 489.94559463904073),(782.6864786155858, 430.9116531606749),
315,3,w,7,3,1,6,(654, 531),7,3,1,6,(804.5347018755218, 344.4150794357848),(601.3058082816444, 487.8773421116705),(784.1374383179259, 430.53123767441684),
316,3,w,7,3,1,6,(654, 528),7,3,1,6,(802.4053308969965, 343.68825123337785),(602.1917154342437, 485.80908958430024),(785.588398020266, 430.15082218815877),
317,3,w,7,3,1,6,(654, 525),7,3,1,6,(800.2759599184711, 342.961423030971),(603.077622586843, 483.74083705693),(787.0393577226062, 429.7704067019007),
318,3,w,7,3,1,6,(654, 522),7,3,1,6,(798.1465889399458, 342.23459482856407),(603.9635297394423, 481.67258452955974),(788.4903174249463, 429.3899912156426),
319,3,w,7,3,1,6,(654, 519),7,3,1,6,(796.0172179614204, 341.5077666261572),(604.8494368920415, 479.6043320021895),(789.9412771272864, 429.00957572938455),
320,3,w,7,3,1,6,(654, 516),7,3,1,6,(793.8878469828951, 340.7809384237503),(605.7353440446408, 477.53607947481925),(791.3922368296265, 428.6291602431265),
321,3,w,7,3,1,6,(654, 513),7,3,1,6,(791.7584760043698, 340.0541102213434),(606.62125119724, 475.467826947449),(792.8431965319667, 428.2487447568684),
322,3,w,7,3,1,6,(654, 510),7,3,1,6,(789.6291050258444, 339.3272820189365),(607.5071583498393, 473.39957442007875),(794.2941562343068, 427.86832927061033),
323,3,w,7,3,1,6,(654, 507),7,3,1,6,(787.4997340473191, 338.6004538165296),(608.3930655024385, 471.3313218927085),(795.7451159366469, 427.48791378435226),
324,2,w,7,4,1,6,(654, 504),7,4,1,6,(785.5133294752301, 339.65719260922333),(609.2789726550378, 469.26306936533825),(797.196075638987, 427.1074982980942),
325,2,w,7,4,1,6,(654, 501),7,4,1,6,(783.5269249031411, 340.7139314019171),(610.164879807637, 467.194816837968),(798.6470353413272, 426.7270828118361),
326,2,w,7,4,1,6,(654, 498),7,4,1,6,(781.5405203310521, 341.77067019461083),(611.0507869602362, 465.12656431059776),(800.0979950436673, 426.34666732557804),
327,2,w,7,4,1,6,(654, 495),7,4,1,6,(779.5541157589631, 342.8274089873046),(611.9366941128355, 463.0583117832275),(801.5489547460074, 425.96625183931997),
328,2,w,7,4,1,6,(654, 492),7,4,1,6,(777.5677111868741, 343.88414777999833),(612.8226012654347, 460.99005925585726),(802.9999144483476, 425.5858363530619),
329,1,w,7,4,2,6,(654, 489),7,4,2,6,(775.9675687701069, 342.3023626346444),(612.8095082365497, 458.74009735115874),(804.4508741506877, 425.2054208668038),
330,1,w,7,4,2,6,(654, 486),7,4,2,6,(774.3674263533397, 340.72057748929046),(612.7964152076647, 456.4901354464602),(805.9018338530278, 424.82500538054575),
331,1,w,7,4,2,6,(654, 483),7,4,2,6,(772.7672839365725, 339.13879234393653),(612.7833221787797, 454.2401735417617),(807.352793555368, 424.4445898942877),
332,1,w,7,4,2,6,(654, 480),7,4,2,6,(771.1671415198053, 337.5570071985826),(612.7702291498947, 451.99021163706317),(808.8037532577081, 424.0641744080296),
333,1,w,7,4,2,6,(654, 477),7,4,2,6,(769.5669991030381, 335.97522205322866),(612.7571361210097, 449.74024973236465),(810.2547129600482, 423.6837589217715),
334,1,w,7,4,2,6,(654, 474),7,4,2,6,(767.966856686271, 334.39343690787473),(612.7440430921247, 447.4902878276661),(811.7056726623883, 423.30334343551345),
335,1,w,7,4,2,6,(654, 471),7,4,2,6,(766.3667142695037, 332.8116517625208),(612.7309500632397, 445.2403259229676),(813.1566323647285, 422.9229279492554),
336,1,w,7,4,2,6,(654, 468),7,4,2,6,(764.7665718527365, 331.22986661716686),(612.7178570343547, 442.9903640182691),(814.6075920670686, 422.5425124629973),
337,1,w,7,4,2,6,(654, 465),7,4,2,6,(763.1664294359693, 329.64808147181293),(612.7047640054697, 440.74040211357055),(816.0585517694087, 422.16209697673924),
338,1,w,7,4,2,6,(654, 462),7,4,2,6,(761.5662870192022, 328.066296326459),(612.6916709765846, 438.49044020887203),(817.5095114717489, 421.78168149048116),
339,1,w,7,4,2,6,(654, 459),7,4,2,6,(759.966144602435, 326.48451118110506),(612.6785779476996, 436.2404783041735),(818.960471174089, 421.4012660042231),
340,1,w,7,4,2,6,(654, 456),7,4,2,6,(758.3660021856678, 324.90272603575113),(612.6654849188146, 433.990516399475),(820.4114308764291, 421.020850517965),
341,1,w,7,4,2,6,(654, 453),7,4,2,6,(756.7658597689006, 323.3209408903972),(612.6523918899296, 431.74055449477646),(821.8623905787692, 420.64043503170694),
342,1,w,7,4,2,6,(654, 450),7,4,2,6,(755.1657173521334, 321.73915574504326),(612.6392988610446, 429.49059259007794),(823.3133502811094, 420.26001954544887),
343,1,w,7,4,2,6,(654, 447),7,4,2,6,(753.5655749353662, 320.15737059968933),(612.6262058321596, 427.2406306853794),(824.7643099834495, 419.8796040591908),
344,1,w,7,4,2,6,(654, 444),7,4,2,6,(751.965432518599, 318.5755854543354),(612.6131128032746, 424.9906687806809),(826.2152696857896, 419.4991885729327),
345,1,w,7,4,2,6,(654, 441),7,4,2,6,(750.3652901018318, 316.99380030898146),(612.6000197743896, 422.74070687598237),(827.6662293881298, 419.11877308667465),
346,1,w,7,4,2,6,(654, 438),7,4,2,6,(748.7651476850646, 315.41201516362753),(612.5869267455046, 420.49074497128385),(829.1171890904699, 418.7383576004166),
347,1,w,7,4,2,6,(654, 435),7,4,2,6,(747.1650052682974, 313.8302300182736),(612.5738337166196, 418.2407830665853),(830.56814879281, 418.3579421141585),
348,1,w,7,4,2,6,(654, 432),7,4,2,6,(745.5648628515302, 312.24844487291966),(612.5607406877346, 415.9908211618868),(832.0191084951501, 417.97752662790043),
349,1,w,7,4,2,6,(654, 429),7,4,2,6,(743.964720434763, 310.6666597275658),(612.5476476588495, 413.7408592571883),(833.4700681974903, 417.59711114164236),
350,1,w,7,4,2,6,(654, 426),7,4,2,6,(742.3645780179958, 309.0848745822119),(612.5345546299645, 411.49089735248975),(834.9210278998304, 417.2166956553843),
351,1,w,7,4,2,6,(654, 423),7,4,2,6,(740.7644356012286, 307.50308943685803),(612.5214616010795, 409.24093544779123),(836.3719876021705, 416.8362801691262),
352,1,w,7,4,2,6,(654, 420),7,4,2,6,(739.1642931844614, 305.92130429150416),(612.5083685721945, 406.9909735430927),(837.8229473045106, 416.45586468286814),
353,1,w,7,4,2,6,(654, 417),7,4,2,6,(737.5641507676942, 304.3395191461503),(612.4952755433095, 404.7410116383942),(839.2739070068508, 416.07544919661007),
354,1,w,7,4,2,6,(654, 414),7,4,2,6,(735.964008350927, 302.7577340007964),(612.4821825144245, 402.49104973369566),(840.7248667091909, 415.695033710352),
355,1,w,7,4,2,6,(654, 411),7,4,2,6,(734.3638659341598, 301.1759488554425),(612.4690894855395, 400.24108782899714),(842.175826411531, 415.3146182240939),
356,1,w,7,4,2,6,(654, 408),7,4,2,6,(732.7637235173926, 299.59416371008865),(612.4559964566545, 397.9911259242986),(843.6267861138712, 414.93420273783585),
357,1,w,7,4,2,6,(654, 405),7,4,2,6,(731.1635811006254, 298.0123785647348),(612.4429034277695, 395.7411640196001),(845.0777458162113, 414.5537872515778),
358,1,w,7,4,2,6,(654, 402),7,4,2,6,(729.5634386838582, 296.4305934193809),(612.4298103988845, 393.49120211490157),(846.5287055185514, 414.1733717653197),
359,1,w,7,4,2,6,(654, 399),7,4,2,6,(727.963296267091, 294.848808274027),(612.4167173699994, 391.24124021020305),(847.9796652208915, 413.7929562790616),
360,1,w,7,4,2,6,(654, 396),7,4,2,6,(726.3631538503238, 293.26702312867315),(612.4036243411144, 388.9912783055045),(846.3805517106731, 412.2101309629143),
361,1,w,7,4,2,6,(654, 393),7,4,2,6,(724.7630114335566, 291.68523798331927),(612.3905313122294, 386.741316400806),(844.7814382004547, 410.627305646767),
362,1,w,7,4,2,6,(654, 390),7,4,2,6,(723.1628690167894, 290.1034528379654),(612.3774382833444, 384.4913544961075),(843.1823246902362, 409.0444803306197),
363,1,w,7,4,2,6,(654, 387),7,4,2,6,(721.5627266000222, 288.5216676926115),(612.3643452544594, 382.24139259140895),(841.5832111800178, 407.4616550144724),
364,1,w,7,4,2,6,(654, 384),7,4,2,6,(719.962584183255, 286.93988254725764),(612.3512522255744, 379.99143068671043),(839.9840976697993, 405.8788296983251),
365,1,w,7,4,2,6,(654, 381),7,4,2,6,(718.3624417664878, 285.35809740190376),(612.3381591966894, 377.7414687820119),(838.3849841595809, 404.2960043821778),
366,1,w,7,4,2,6,(654, 378),7,4,2,6,(716.7622993497206, 283.7763122565499),(612.3250661678044, 375.4915068773134),(836.7858706493624, 402.7131790660305),
367,1,w,7,4,2,6,(654, 375),7,4,2,6,(715.1621569329534, 282.194527111196),(612.3119731389194, 373.24154497261486),(835.186757139144, 401.13035374988317),
368,1,w,7,4,2,6,(654, 372),7,4,2,6,(713.5620145161862, 280.61274196584213),(612.2988801100344, 370.99158306791634),(833.5876436289255, 399.54752843373586),
369,1,w,7,4,2,6,(654, 369),7,4,2,6,(711.961872099419, 279.03095682048826),(612.2857870811494, 368.7416211632178),(831.9885301187071, 397.96470311758856),
370,1,w,7,4,2,6,(654, 366),7,4,2,6,(710.3617296826518, 277.4491716751344),(612.2726940522643, 366.4916592585193),(831.9885301187071, 397.96470311758856),
371,1,w,7,4,2,6,(654, 363),7,4,2,6,(708.7615872658846, 275.8673865297805),(612.2596010233793, 364.24169735382077),(831.9885301187071, 397.96470311758856),
372,1,w,7,4,2,6,(654, 360),7,4,2,6,(707.1614448491174, 274.2856013844266),(612.2465079944943, 361.99173544912225),(831.9885301187071, 397.96470311758856),
373,1,w,7,4,2,6,(654, 357),7,4,2,6,(705.5613024323502, 272.70381623907275),(612.2334149656093, 359.7417735444237),(831.9885301187071, 397.96470311758856),
374,1,w,7,4,2,6,(654, 354),7,4,2,6,(703.961160015583, 271.1220310937189),(612.2203219367243, 357.4918116397252),(831.9885301187071, 397.96470311758856),
375,1,w,7,4,2,6,(654, 351),7,4,2,6,(702.3610175988158, 269.540245948365),(612.2072289078393, 355.2418497350267),(831.9885301187071, 397.96470311758856),
376,1,w,7,4,2,6,(654, 348),7,4,2,6,(700.7608751820486, 267.9584608030111),(612.1941358789543, 352.99188783032815),(831.9885301187071, 397.96470311758856),
377,1,wa,7,4,2,6,(651, 345),7,4,2,6,(699.1607327652814, 266.37667565765724),(612.1810428500693, 350.74192592562963),(831.9885301187071, 397.96470311758856),
378,1,wa,7,4,2,6,(648, 342),7,4,2,6,(697.5605903485142, 264.79489051230337),(612.1679498211843, 348.4919640209311),(831.9885301187071, 397.96470311758856),
379,1,wa,7,4,2,6,(645, 339),7,4,2,6,(695.960447931747, 263.2131053669495),(612.1548567922993, 346.2420021162326),(831.9885301187071, 397.96470311758856),
380,1,wa,7,4,2,6,(642, 336),7,4,2,6,(694.3603055149798, 261.6313202215956),(612.1417637634142, 343.99204021153406),(831.9885301187071, 397.96470311758856),
381,1,wa,7,4,2,6,(639, 333),7,4,2,6,(692.7601630982126, 260.04953507624174),(612.1286707345292, 341.74207830683554),(831.9885301187071, 397.96470311758856),
382,1,wa,7,4,2,6,(636, 330),7,4,2,6,(691.1600206814454, 258.46774993088786),(612.1155777056442, 339.492116402137),(831.9885301187071, 397.96470311758856),
383,1,wa,7,4,2,6,(633, 327),7,4,2,6,(689.5598782646782, 256.885964785534),(612.1024846767592, 337.2421544974385),(831.9885301187071, 397.96470311758856),
384,1,wa,7,4,2,6,(630, 324),7,4,2,6,(687.9597358479109, 255.30417964018008),(612.0893916478742, 334.99219259273997),(831.9885301187071, 397.96470311758856),
385,1,wa,7,4,2,6,(627, 321),7,4,2,6,(686.3595934311436, 253.72239449482618),(612.0762986189892, 332.74223068804145),(831.9885301187071, 397.96470311758856),
386,1,wa,7,4,2,6,(624, 318),7,4,2,6,(684.7594510143764, 252.14060934947227),(612.0632055901042, 330.4922687833429),(831.9885301187071, 397.96470311758856),
387,1,w,7,4,2,6,(624, 315),7,4,2,6,(683.1593085976092, 250.55882420411837),(612.0501125612192, 328.2423068786444),(831.9885301187071, 397.96470311758856),
388,1,w,7,4,2,6,(624, 312),7,4,2,6,(681.5591661808419, 248.97703905876446),(612.0370195323342, 325.9923449739459),(831.9885301187071, 397.96470311758856),
389,1,w,7,4,2,6,(624, 309),7,4,2,6,(679.9590237640746, 247.39525391341056),(612.0239265034492, 323.74238306924735),(831.9885301187071, 397.96470311758856),
390,1,w,7,4,2,6,(624, 306),7,4,2,6,(678.3588813473074, 245.81346876805665),(612.0108334745642, 321.49242116454883),(831.9885301187071, 397.96470311758856),
391,1,w,7,4,2,6,(624, 303),7,4,2,6,(676.7587389305401, 244.23168362270275),(611.9977404456791, 319.2424592598503),(831.9885301187071, 397.96470311758856),
392,1,w,7,4,2,6,(624, 300),7,4,2,6,(675.1585965137729, 242.64989847734884),(611.9846474167941, 316.9924973551518),(831.9885301187071, 397.96470311758856),
393,1,w,7,4,2,6,(624, 297),7,4,2,6,(673.5584540970056, 241.06811333199494),(611.9715543879091, 314.74253545045326),(831.9885301187071, 397.96470311758856),
394,1,w,7,4,2,6,(624, 294),7,4,2,6,(671.9583116802382, 239.48632818664103),(611.9584613590241, 312.49257354575474),(831.9885301187071, 397.96470311758856),
395,1,w,7,4,2,6,(624, 291),7,4,2,6,(670.358169263471, 237.90454304128713),(611.9453683301391, 310.2426116410562),(831.9885301187071, 397.96470311758856),
396,1,w,7,4,2,6,(624, 288),7,4,2,6,(671.3316507392732, 236.7633446289722),(611.9322753012541, 307.9926497363577),(831.9885301187071, 397.96470311758856),
397,1,w,7,4,2,6,(624, 285),7,4,2,6,(672.3051322150753, 235.62214621665726),(611.9191822723691, 305.74268783165917),(831.9885301187071, 397.96470311758856),
398,1,w,7,4,2,6,(624, 282),7,4,2,6,(673.2786136908775, 234.48094780434232),(611.9060892434841, 303.49272592696065),(831.9885301187071, 397.96470311758856),
399,1,w,7,4,2,6,(624, 279),7,4,2,6,(674.2520951666796, 233.3397493920274),(611.8929962145991, 301.2427640222621),(831.9885301187071, 397.96470311758856),
400,1,w,7,4,2,6,(624, 276),7,4,2,6,(675.2255766424818, 232.19855097971245),(611.879903185714, 298.9928021175636),(831.9885301187071, 397.96470311758856),
401,1,w,7,4,2,6,(624, 273),7,4,2,6,(676.1990581182839, 231.05735256739752),(611.866810156829, 296.7428402128651),(831.9885301187071, 397.96470311758856),
402,1,w,7,4,2,6,(624, 270),7,4,2,6,(677.1725395940861, 229.91615415508258),(611.853717127944, 294.49287830816655),(831.9885301187071, 397.96470311758856),
403,1,w,7,4,2,6,(624, 267),7,4,2,6,(678.1460210698882, 228.77495574276765),(611.840624099059, 292.24291640346803),(830.3894166084887, 396.38187780144125),
404,1,w,7,4,2,6,(624, 264),7,4,2,6,(679.1195025456904, 227.6337573304527),(611.827531070174, 289.9929544987695),(828.7903030982702, 394.79905248529394),
405,1,w,7,4,2,6,(624, 261),7,4,2,6,(680.0929840214925, 226.49255891813777),(611.814438041289, 287.742992594071),(827.1911895880518, 393.21622716914663),
406,1,w,7,4,2,6,(624, 258),7,4,2,6,(681.0664654972946, 225.35136050582284),(611.801345012404, 285.49303068937246),(825.5920760778333, 391.6334018529993),
407,1,w,7,4,2,6,(624, 255),7,4,2,6,(682.0399469730968, 224.2101620935079),(611.7882519835191, 283.24306878467394),(823.9929625676149, 390.050576536852),
408,1,w,7,4,2,6,(624, 252),7,4,2,6,(683.0134284488989, 223.06896368119297),(611.7751589546341, 280.9931068799754),(822.3938490573964, 388.4677512207047),
409,1,w,7,4,2,6,(624, 249),7,4,2,6,(683.9869099247011, 221.92776526887803),(611.7620659257492, 278.7431449752769),(820.794735547178, 386.8849259045574),
410,1,w,7,4,2,6,(624, 246),7,4,2,6,(684.9603914005032, 220.7865668565631),(611.7489728968642, 276.49318307057837),(819.1956220369595, 385.3021005884101),
411,1,w,7,4,2,6,(624, 243),7,4,2,6,(685.9338728763054, 219.64536844424816),(611.7358798679793, 274.24322116587985),(817.5965085267411, 383.7192752722628),
412,1,wa,7,4,2,6,(621, 240),7,4,2,6,(686.9073543521075, 218.50417003193323),(611.7227868390943, 271.9932592611813),(815.9973950165227, 382.1364499561155),
413,1,wa,7,4,2,6,(618, 237),7,4,2,6,(687.8808358279097, 217.3629716196183),(611.7096938102094, 269.7432973564828),(814.3982815063042, 380.5536246399682),
414,1,wa,7,4,2,6,(615, 234),7,4,2,6,(688.8543173037118, 216.22177320730336),(611.6966007813244, 267.4933354517843),(812.7991679960858, 378.97079932382087),
415,1,wa,7,4,2,6,(612, 231),7,4,2,6,(689.827798779514, 215.08057479498842),(611.6835077524395, 265.24337354708575),(811.2000544858673, 377.38797400767356),
416,1,w,7,4,2,6,(612, 228),7,4,2,6,(690.8012802553161, 213.9393763826735),(611.6704147235545, 262.99341164238723),(809.6009409756489, 375.80514869152626),
417,1,w,7,4,2,6,(612, 225),7,4,2,6,(691.7747617311182, 212.79817797035855),(611.6573216946696, 260.7434497376887),(808.0018274654304, 374.22232337537895),
418,1,w,7,4,2,6,(612, 222),7,4,2,6,(692.7482432069204, 211.65697955804362),(611.6442286657846, 258.4934878329902),(806.402713955212, 372.63949805923164),
419,1,w,7,4,2,6,(612, 219),7,4,2,6,(693.7217246827225, 210.51578114572868),(611.6311356368997, 256.24352592829166),(804.8036004449935, 371.05667274308433),
420,0,w,8,4,2,6,(612, 216),8,4,2,6,(693.7217246827225, 210.51578114572868),(611.6311356368997, 256.24352592829166),(804.8036004449935, 371.05667274308433),
